n,iso_code,continent,location,date,total_cases,new_cases,new_cases_smoothed,total_deaths,new_deaths,new_deaths_smoothed,total_cases_per_million,new_cases_per_million,new_cases_smoothed_per_million,total_deaths_per_million,new_deaths_per_million,new_deaths_smoothed_per_million,reproduction_rate,icu_patients,icu_patients_per_million,hosp_patients,hosp_patients_per_million,weekly_icu_admissions,weekly_icu_admissions_per_million,weekly_hosp_admissions,weekly_hosp_admissions_per_million,new_tests,total_tests,total_tests_per_thousand,new_tests_per_thousand,new_tests_smoothed,new_tests_smoothed_per_thousand,positive_rate,tests_per_case,tests_units,total_vaccinations,people_vaccinated,people_fully_vaccinated,new_vaccinations,new_vaccinations_smoothed,total_vaccinations_per_hundred,people_vaccinated_per_hundred,people_fully_vaccinated_per_hundred,new_vaccinations_smoothed_per_million,stringency_index,population,population_density,median_age,aged_65_older,aged_70_older,gdp_per_capita,extreme_poverty,cardiovasc_death_rate,diabetes_prevalence,female_smokers,male_smokers,handwashing_facilities,hospital_beds_per_thousand,life_expectancy,human_development_index,active_cases
1,MYS,Asia,Malaysia,01-Apr-21,346678,1178,1215.714,1278,6,4.286,10711.179,36.396,37.561,39.486,0.185,0.132,1,,,,,,,,,55437,7711350,238.255,1.713,48394,1.495,0.025,39.8,people tested,740226,498468,241758,42023,29078,2.29,1.54,0.75,898,68.06,32365998,96.254,29.9,6.293,3.407,26808.164,0.1,260.942,16.74,1,42.4,,1.9,76.16,0.81,14399
2,MYS,Asia,Malaysia,02-Apr-21,347972,1294,1218.429,1283,5,4.857,10751.159,39.98,37.645,39.64,0.154,0.15,1.01,,,,,,,,,53187,7764537,239.898,1.643,48094,1.486,0.025,39.5,people tested,770653,506069,264584,30427,31301,2.38,1.56,0.82,967,68.06,32365998,96.254,29.9,6.293,3.407,26808.164,0.1,260.942,16.74,1,42.4,,1.9,76.16,0.81,14246
3,MYS,Asia,Malaysia,03-Apr-21,349610,1638,1281.143,1286,3,5,10801.768,50.609,39.583,39.733,0.093,0.154,1.03,,,,,,,,,50237,7814774,241.45,1.552,48048,1.485,0.027,37.5,people tested,787504,508481,279023,16851,31615,2.43,1.57,0.86,977,68.06,32365998,96.254,29.9,6.293,3.407,26808.164,0.1,260.942,16.74,1,42.4,,1.9,76.16,0.81,14432
4,MYS,Asia,Malaysia,04-Apr-21,350959,1349,1287.857,1288,2,4.714,10843.447,41.68,39.79,39.795,0.062,0.146,1.04,,,,,,,,,45236,7860010,242.848,1.398,48375,1.495,0.027,37.6,people tested,801773,514036,287737,14269,31573,2.48,1.59,0.89,975,68.06,32365998,96.254,29.9,6.293,3.407,26808.164,0.1,260.942,16.74,1,42.4,,1.9,76.16,0.81,14509
5,MYS,Asia,Malaysia,05-Apr-21,352029,1070,1306.286,1295,7,5,10876.507,33.059,40.36,40.011,0.216,0.154,1.05,,,,,,,,,34512,7894522,243.914,1.066,48400,1.495,0.027,37.1,people tested,830036,523233,306803,28263,29803,2.56,1.62,0.95,921,64.35,32365998,96.254,29.9,6.293,3.407,26808.164,0.1,260.942,16.74,1,42.4,,1.9,76.16,0.81,14278
6,MYS,Asia,Malaysia,06-Apr-21,353329,1300,1330.143,1300,5,5,10916.672,40.166,41.097,40.166,0.154,0.154,1.06,,,,,,,,,46839,7941361,245.361,1.447,48320,1.493,0.028,36.3,people tested,862445,534191,328254,32409,28683,2.66,1.65,1.01,886,56.94,32365998,96.254,29.9,6.293,3.407,26808.164,0.1,260.942,16.74,1,42.4,,1.9,76.16,0.81,14161
7,MYS,Asia,Malaysia,07-Apr-21,354468,1139,1281.143,1304,4,4.571,10951.864,35.191,39.583,40.289,0.124,0.141,1.07,,,,,,,,,51214,7992575,246.944,1.582,48095,1.486,0.027,37.5,people tested,893032,546762,346270,30587,27833,2.76,1.69,1.07,860,56.94,32365998,96.254,29.9,6.293,3.407,26808.164,0.1,260.942,16.74,1,42.4,,1.9,76.16,0.81,14097
8,MYS,Asia,Malaysia,08-Apr-21,355753,1285,1296.429,1308,4,4.286,10991.566,39.702,40.055,40.413,0.124,0.132,1.09,,,,,,,,,58012,8050587,248.736,1.792,48462,1.497,0.027,37.4,people tested,919721,558750,360971,26689,25642,2.84,1.73,1.12,792,56.94,32365998,96.254,29.9,6.293,3.407,26808.164,0.1,260.942,16.74,1,42.4,,1.9,76.16,0.81,14203
9,MYS,Asia,Malaysia,09-Apr-21,357607,1854,1376.429,1313,5,4.286,11048.848,57.282,42.527,40.567,0.154,0.132,1.12,,,,,,,,,53834,8104421,250.399,1.663,48555,1.5,0.028,35.3,people tested,941200,565940,375260,21479,24364,2.91,1.75,1.16,753,56.94,32365998,96.254,29.9,6.293,3.407,26808.164,0.1,260.942,16.74,1,42.4,,1.9,76.16,0.81,14805
10,MYS,Asia,Malaysia,10-Apr-21,359117,1510,1358.143,1321,8,5,11095.502,46.654,41.962,40.814,0.247,0.154,1.13,,,,,,,,,53512,8157933,252.053,1.653,49023,1.515,0.028,36.1,people tested,956723,571472,385251,15523,24174,2.96,1.77,1.19,747,56.94,32365998,96.254,29.9,6.293,3.407,26808.164,0.1,260.942,16.74,1,42.4,,1.9,76.16,0.81,15059
11,MYS,Asia,Malaysia,11-Apr-21,360856,1739,1413.857,1329,8,5.857,11149.231,53.729,43.683,41.062,0.247,0.181,1.15,,,,,,,,,47063,8204996,253.507,1.454,49284,1.523,0.029,34.9,people tested,979794,583903,395891,23071,25432,3.03,1.8,1.22,786,56.94,32365998,96.254,29.9,6.293,3.407,26808.164,0.1,260.942,16.74,1,42.4,,1.9,76.16,0.81,15574
12,MYS,Asia,Malaysia,12-Apr-21,362173,1317,1449.143,1333,4,5.429,11189.922,40.691,44.774,41.185,0.124,0.168,1.17,,,,,,,,,35266,8240262,254.596,1.09,49391,1.526,0.029,34.1,people tested,1018937,609153,409784,39143,26986,3.15,1.88,1.27,834,53.24,32365998,96.254,29.9,6.293,3.407,26808.164,0.1,260.942,16.74,1,42.4,,1.9,76.16,0.81,15835
13,MYS,Asia,Malaysia,13-Apr-21,363940,1767,1515.857,1345,12,6.429,11244.517,54.594,46.835,41.556,0.371,0.199,1.19,,,,,,,,,51998,8292260,256.203,1.607,50128,1.549,0.03,33.1,people tested,1050138,632668,417470,31201,26813,3.24,1.95,1.29,828,53.24,32365998,96.254,29.9,6.293,3.407,26808.164,0.1,260.942,16.74,1,42.4,,1.9,76.16,0.81,16300
14,MYS,Asia,Malaysia,14-Apr-21,365829,1889,1623,1353,8,7,11302.88,58.364,50.145,41.803,0.247,0.216,1.2,,,,,,,,,53141,8345401,257.845,1.642,50404,1.557,0.032,31.1,people tested,1078695,653531,425164,28557,26523,3.33,2.02,1.31,819,53.24,32365998,96.254,29.9,6.293,3.407,26808.164,0.1,260.942,16.74,1,42.4,,1.9,76.16,0.81,16696
15,MYS,Asia,Malaysia,15-Apr-21,367977,2148,1746.286,1363,10,7.857,11369.246,66.366,53.954,42.112,0.309,0.243,1.22,,,,,,,,,62569,8407970,259.778,1.933,51055,1.577,0.034,29.2,people tested,1105890,671589,434301,27195,26596,3.42,2.07,1.34,822,53.24,32365998,96.254,29.9,6.293,3.407,26808.164,0.1,260.942,16.74,1,42.4,,1.9,76.16,0.81,17575
16,MYS,Asia,Malaysia,16-Apr-21,370528,2551,1845.857,1365,2,7.429,11448.063,78.817,57.031,42.174,0.062,0.23,1.23,,,,,,,,,64715,8472685,261.777,1.999,52609,1.625,0.035,28.5,people tested,1125396,687176,438220,19506,26314,3.48,2.12,1.35,813,53.24,32365998,96.254,29.9,6.293,3.407,26808.164,0.1,260.942,16.74,1,42.4,,1.9,76.16,0.81,18600
17,MYS,Asia,Malaysia,17-Apr-21,372859,2331,1963.143,1370,5,7,11520.084,72.02,60.654,42.328,0.154,0.216,1.23,,,,,,,,,67515,8540200,263.863,2.086,54610,1.687,0.036,27.8,people tested,1135015,695729,439286,9619,25470,3.51,2.15,1.36,787,53.24,32365998,96.254,29.9,6.293,3.407,26808.164,0.1,260.942,16.74,1,42.4,,1.9,76.16,0.81,19094
18,MYS,Asia,Malaysia,18-Apr-21,375054,2195,2028.286,1378,8,7,11587.902,67.818,62.667,42.576,0.247,0.216,1.23,,,,,,,,,61526,8601726,265.764,1.901,56676,1.751,0.036,27.9,people tested,1144841,701812,443029,9826,23578,3.54,2.17,1.37,728,58.8,32365998,96.254,29.9,6.293,3.407,26808.164,0.1,260.942,16.74,1,42.4,,1.9,76.16,0.81,19854
19,MYS,Asia,Malaysia,19-Apr-21,377132,2078,2137,1386,8,7.571,11652.105,64.203,66.026,42.823,0.247,0.234,1.23,,,,,,,,,63413,8665139,267.724,1.959,60697,1.875,0.035,28.4,people tested,1177648,726411,451237,32807,22673,3.64,2.24,1.39,701,58.8,32365998,96.254,29.9,6.293,3.407,26808.164,0.1,260.942,16.74,1,42.4,,1.9,76.16,0.81,20522
20,MYS,Asia,Malaysia,20-Apr-21,379473,2341,2219,1389,3,6.286,11724.434,72.329,68.56,42.915,0.093,0.194,1.23,,,,,,,,,52967,8718106,269.36,1.637,60835,1.88,0.036,27.4,people tested,1210779,748444,462335,33131,22949,3.74,2.31,1.43,709,61.57,32365998,96.254,29.9,6.293,3.407,26808.164,0.1,260.942,16.74,1,42.4,,1.9,76.16,0.81,21268
21,MYS,Asia,Malaysia,21-Apr-21,381813,2340,2283.429,1400,11,6.714,11796.732,72.298,70.55,43.255,0.34,0.207,1.23,,,,,,,,,64921,8783027,271.366,2.006,62518,1.932,0.037,27.4,people tested,1231760,757547,474213,20981,21866,3.81,2.34,1.47,676,61.57,32365998,96.254,29.9,6.293,3.407,26808.164,0.1,260.942,16.74,1,42.4,,1.9,76.16,0.81,21687
22,MYS,Asia,Malaysia,22-Apr-21,384688,2875,2387.286,1407,7,6.286,11885.56,88.828,73.759,43.472,0.216,0.194,1.23,,,,,,,,,66579,8849606,273.423,2.057,63091,1.949,0.038,26.4,people tested,1260937,771829,489108,29177,22150,3.9,2.38,1.51,684,61.57,32365998,96.254,29.9,6.293,3.407,26808.164,0.1,260.942,16.74,1,42.4,,1.9,76.16,0.81,22014
23,MYS,Asia,Malaysia,23-Apr-21,387535,2847,2429.571,1415,8,7.143,11973.522,87.963,75.066,43.719,0.247,0.221,1.22,,,,,,,,,74367,8923973,275.721,2.298,64470,1.992,0.038,26.5,people tested,1279737,783987,495750,18800,22049,3.95,2.42,1.53,681,61.57,32365998,96.254,29.9,6.293,3.407,26808.164,0.1,260.942,16.74,1,42.4,,1.9,76.16,0.81,22512
24,MYS,Asia,Malaysia,24-Apr-21,390252,2717,2484.714,1426,11,8,12057.468,83.946,76.769,44.059,0.34,0.247,1.22,,,,,,,,,77559,9001532,278.117,2.396,65905,2.036,0.038,26.5,people tested,1290414,791910,498504,10677,22200,3.99,2.45,1.54,686,61.57,32365998,96.254,29.9,6.293,3.407,26808.164,0.1,260.942,16.74,1,42.4,,1.9,76.16,0.81,22926
25,MYS,Asia,Malaysia,25-Apr-21,392942,2690,2555.429,1436,10,8.286,12140.58,83.112,78.954,44.368,0.309,0.256,1.22,,,,,,,,,64638,9066170,280.114,1.997,66349,2.05,0.039,26,people tested,1305161,800996,504165,14747,22903,4.03,2.47,1.56,708,61.57,32365998,96.254,29.9,6.293,3.407,26808.164,0.1,260.942,16.74,1,42.4,,1.9,76.16,0.81,23753
26,MYS,Asia,Malaysia,26-Apr-21,395718,2776,2655.143,1449,13,9,12226.349,85.769,82.035,44.769,0.402,0.278,1.22,,,,,,,,,55149,9121319,281.818,1.704,65169,2.014,0.041,24.5,people tested,1335245,822201,513044,30084,22514,4.13,2.54,1.59,696,61.57,32365998,96.254,29.9,6.293,3.407,26808.164,0.1,260.942,16.74,1,42.4,,1.9,76.16,0.81,24713
27,MYS,Asia,Malaysia,27-Apr-21,398451,2733,2711.143,1462,13,10.429,12310.79,84.44,83.765,45.171,0.402,0.322,1.21,,,,,,,,,61034,9182353,283.704,1.886,66321,2.049,0.041,24.5,people tested,1369749,844906,524843,34504,22710,4.23,2.61,1.62,702,65.28,32365998,96.254,29.9,6.293,3.407,26808.164,0.1,260.942,16.74,1,42.4,,1.9,76.16,0.81,25414
28,MYS,Asia,Malaysia,28-Apr-21,401593,3142,2825.714,1477,15,11,12407.867,97.077,87.305,45.634,0.463,0.34,1.21,,,,,,,,,73158,9255511,285.964,2.26,67498,2.085,0.042,23.9,people tested,1409215,871219,537996,39466,25351,4.35,2.69,1.66,783,65.28,32365998,96.254,29.9,6.293,3.407,26808.164,0.1,260.942,16.74,1,42.4,,1.9,76.16,0.81,26719
29,MYS,Asia,Malaysia,29-Apr-21,404925,3332,2891,1492,15,12.143,12510.815,102.948,89.322,46.098,0.463,0.375,1.21,,,,,,,,,78276,9333787,288.382,2.418,69169,2.137,0.042,23.9,people tested,1421664,877646,544018,12449,22961,4.39,2.71,1.68,709,65.28,32365998,96.254,29.9,6.293,3.407,26808.164,0.1,260.942,16.74,1,42.4,,1.9,76.16,0.81,28093
30,MYS,Asia,Malaysia,30-Apr-21,408713,3788,3025.429,1506,14,13,12627.851,117.036,93.476,46.53,0.433,0.402,1.2,,,,,,,,,70449,9404236,290.559,2.177,68609,2.12,0.044,22.7,people tested,,,,,21195,,,,655,65.28,32365998,96.254,29.9,6.293,3.407,26808.164,0.1,260.942,16.74,1,42.4,,1.9,76.16,0.81,29227
31,MYS,Asia,Malaysia,01-May-21,411594,2881,3048.857,1521,15,13.571,12716.864,89.013,94.199,46.994,0.463,0.419,1.19,,,,,,,,,77984,9482220,292.969,2.409,68670,2.122,0.044,22.5,people tested,1434537,883661,550876,,20589,4.43,2.73,1.7,636,65.28,32365998,96.254,29.9,6.293,3.407,26808.164,0.1,260.942,16.74,1,42.4,,1.9,76.16,0.81,29631
32,MYS,Asia,Malaysia,02-May-21,415012,3418,3152.857,1533,12,13.857,12822.469,105.605,97.413,47.365,0.371,0.428,1.19,,,,,,,,,58585,9540805,294.779,1.81,67805,2.095,0.046,21.5,people tested,1469033,905683,563350,34496,23410,4.54,2.8,1.74,723,65.28,32365998,96.254,29.9,6.293,3.407,26808.164,0.1,260.942,16.74,1,42.4,,1.9,76.16,0.81,30339
33,MYS,Asia,Malaysia,03-May-21,417512,2500,3113.429,1551,18,14.571,12899.71,77.242,96.194,47.921,0.556,0.45,1.19,,,,,,,,,,,,,68328,2.111,0.046,21.9,people tested,1500202,914663,585539,31169,23565,4.64,2.83,1.81,728,65.28,32365998,96.254,29.9,6.293,3.407,26808.164,0.1,260.942,16.74,1,42.4,,1.9,76.16,0.81,30753
34,MYS,Asia,Malaysia,04-May-21,420632,3120,3168.714,1574,23,16,12996.108,96.397,97.903,48.631,0.711,0.494,1.19,,,,,,,,,,9658427,298.413,,68011,2.101,0.047,21.5,people tested,1569609,960070,609539,69407,28551,4.85,2.97,1.88,882,65.28,32365998,96.254,29.9,6.293,3.407,26808.164,0.1,260.942,16.74,1,42.4,,1.9,76.16,0.81,31516
35,MYS,Asia,Malaysia,05-May-21,424376,3744,3254.714,1591,17,16.286,13111.785,115.677,100.56,49.157,0.525,0.503,1.2,,,,,,,,,80377,9738804,300.896,2.483,69042,2.133,0.047,21.2,people tested,1624272,991906,632366,54663,30722,5.02,3.06,1.95,949,65.28,32365998,96.254,29.9,6.293,3.407,26808.164,0.1,260.942,16.74,1,42.4,,1.9,76.16,0.81,32939
36,MYS,Asia,Malaysia,06-May-21,427927,3551,3286,1610,19,16.857,13221.499,109.714,101.526,49.744,0.587,0.521,1.2,,,,,,,,,82834,9821638,303.455,2.559,69693,2.153,0.047,21.2,people tested,1679765,1028693,651072,55493,36872,5.19,3.18,2.01,1139,65.28,32365998,96.254,29.9,6.293,3.407,26808.164,0.1,260.942,16.74,1,42.4,,1.9,76.16,0.81,33762
37,MYS,Asia,Malaysia,07-May-21,432425,4498,3387.429,1632,22,18,13360.472,138.973,104.66,50.423,0.68,0.556,1.2,,,,,,,,,82676,9904314,306.01,2.554,71440,2.207,0.047,21.1,people tested,1707460,1045377,662083,27695,39908,5.28,3.23,2.05,1233,65.28,32365998,96.254,29.9,6.293,3.407,26808.164,0.1,260.942,16.74,1,42.4,,1.9,76.16,0.81,34789
38,MYS,Asia,Malaysia,08-May-21,436944,4519,3621.429,1657,25,19.429,13500.094,139.622,111.89,51.196,0.772,0.6,1.21,,,,,,,,,76099,9980413,308.361,2.351,71170,2.199,0.051,19.7,people tested,1734348,1063898,670450,26888,42830,5.36,3.29,2.07,1323,65.28,32365998,96.254,29.9,6.293,3.407,26808.164,0.1,260.942,16.74,1,42.4,,1.9,76.16,0.81,36564
39,MYS,Asia,Malaysia,09-May-21,440677,3733,3666.429,1683,26,21.429,13615.431,115.337,113.28,51.999,0.803,0.662,1.2,,,,,,,,,75093,10055506,310.681,2.32,73529,2.272,0.05,20.1,people tested,1766651,1089637,677014,32303,42517,5.46,3.37,2.09,1314,65.28,32365998,96.254,29.9,6.293,3.407,26808.164,0.1,260.942,16.74,1,42.4,,1.9,76.16,0.81,37060
40,MYS,Asia,Malaysia,10-May-21,444484,3807,3853.143,1700,17,21.286,13733.054,117.623,119.049,52.524,0.525,0.658,1.2,,,,,,,,,,,,,73281,2.264,0.053,19,people tested,,,,,45917,,,,1419,65.28,32365998,96.254,29.9,6.293,3.407,26808.164,0.1,260.942,16.74,1,42.4,,1.9,76.16,0.81,37396
41,MYS,Asia,Malaysia,11-May-21,448457,3973,3975,1722,22,21.143,13855.806,122.752,122.814,53.204,0.68,0.653,1.2,,,,,,,,,,10169657,314.208,,73033,2.256,0.054,18.4,people tested,1876591,1156486,720105,,43855,5.8,3.57,2.22,1355,65.28,32365998,96.254,29.9,6.293,3.407,26808.164,0.1,260.942,16.74,1,42.4,,1.9,76.16,0.81,38499
42,MYS,Asia,Malaysia,12-May-21,453222,4765,4120.857,1761,39,24.286,14003.029,147.222,127.321,54.409,1.205,0.75,1.2,,,,,,,,,87458,10257115,316.91,2.702,74044,2.288,0.056,18,people tested,1894630,1166737,727893,18039,38623,5.85,3.6,2.25,1193,80.56,32365998,96.254,29.9,6.293,3.407,26808.164,0.1,260.942,16.74,1,42.4,,1.9,76.16,0.81,40101
43,MYS,Asia,Malaysia,13-May-21,458077,4855,4307.143,1788,27,25.429,14153.032,150.003,133.076,55.243,0.834,0.786,1.2,,,,,,,,,83974,10341089,319.505,2.595,74207,2.293,0.058,17.2,people tested,,,,,30706,,,,949,80.56,32365998,96.254,29.9,6.293,3.407,26808.164,0.1,260.942,16.74,1,42.4,,1.9,76.16,0.81,41582
44,MYS,Asia,Malaysia,14-May-21,462190,4113,4252.143,1822,34,27.143,14280.11,127.078,131.377,56.294,1.05,0.839,1.19,,,,,,,,,56440,10397529,321.249,1.744,70459,2.177,0.06,16.6,people tested,1894779,1166869,727910,,26760,5.85,3.61,2.25,827,80.56,32365998,96.254,29.9,6.293,3.407,26808.164,0.1,260.942,16.74,1,42.4,,1.9,76.16,0.81,41471
45,MYS,Asia,Malaysia,15-May-21,466330,4140,4198,1866,44,29.857,14408.022,127.912,129.704,57.653,1.359,0.922,1.2,,,,,,,,,47480,10445009,322.715,1.467,66371,2.051,0.063,15.8,people tested,1905529,1177030,728499,10750,24454,5.89,3.64,2.25,756,80.56,32365998,96.254,29.9,6.293,3.407,26808.164,0.1,260.942,16.74,1,42.4,,1.9,76.16,0.81,42135
46,MYS,Asia,Malaysia,16-May-21,470110,3780,4204.714,1902,36,31.286,14524.811,116.789,129.911,58.765,1.112,0.967,1.21,,,,,,,,,58279,10503288,324.516,1.801,63969,1.976,0.066,15.2,people tested,1915824,1186999,728825,10295,21310,5.92,3.67,2.25,658,80.56,32365998,96.254,29.9,6.293,3.407,26808.164,0.1,260.942,16.74,1,42.4,,1.9,76.16,0.81,41889
47,MYS,Asia,Malaysia,17-May-21,474556,4446,4296,1947,45,35.286,14662.177,137.366,132.732,60.156,1.39,1.09,1.23,,,,,,,,,69814,10573102,326.673,2.157,65789,2.033,0.065,15.3,people tested,1976085,1219234,756851,60261,22066,6.11,3.77,2.34,682,80.56,32365998,96.254,29.9,6.293,3.407,26808.164,0.1,260.942,16.74,1,42.4,,1.9,76.16,0.81,43506
48,MYS,Asia,Malaysia,18-May-21,479421,4865,4423.429,1994,47,38.857,14812.489,150.312,136.669,61.608,1.452,1.201,1.24,,,,,,,,,90678,10663780,329.475,2.802,70589,2.181,0.063,16,people tested,2052636,1263585,789051,76551,25149,6.34,3.9,2.44,777,80.56,32365998,96.254,29.9,6.293,3.407,26808.164,0.1,260.942,16.74,1,42.4,,1.9,76.16,0.81,44827
49,MYS,Asia,Malaysia,19-May-21,485496,6075,4610.571,2040,46,39.857,15000.186,187.697,142.451,63.029,1.421,1.231,1.26,,,,,,,,,101822,10765602,332.621,3.146,72641,2.244,0.063,15.8,people tested,2303580,1412751,890829,250944,58421,7.12,4.36,2.75,1805,80.56,32365998,96.254,29.9,6.293,3.407,26808.164,0.1,260.942,16.74,1,42.4,,1.9,76.16,0.81,47340
50,MYS,Asia,Malaysia,20-May-21,492302,6806,4889.286,2099,59,44.429,15210.469,210.282,151.062,64.852,1.823,1.373,1.27,,,,,,,,,111381,10876983,336.062,3.441,76556,2.365,0.064,15.7,people tested,2384183,1471500,912683,80603,69926,7.37,4.55,2.82,2160,80.56,32365998,96.254,29.9,6.293,3.407,26808.164,0.1,260.942,16.74,1,42.4,,1.9,76.16,0.81,50171
51,MYS,Asia,Malaysia,21-May-21,498795,6493,5229.286,2149,50,46.714,15411.08,200.612,161.567,66.397,1.545,1.443,1.27,,,,,,,,,109116,10986099,339.433,3.371,84081,2.598,0.062,16.1,people tested,2444780,1513419,931361,60597,78572,7.55,4.68,2.88,2428,80.56,32365998,96.254,29.9,6.293,3.407,26808.164,0.1,260.942,16.74,1,42.4,,1.9,76.16,0.81,52106
52,MYS,Asia,Malaysia,22-May-21,505115,6320,5540.714,2199,50,47.571,15606.347,195.267,171.189,67.942,1.545,1.47,1.28,,,,,,,,,114027,11100126,342.956,3.523,93588,2.892,0.059,16.9,people tested,2489988,1555497,934491,45208,83494,7.69,4.81,2.89,2580,80.56,32365998,96.254,29.9,6.293,3.407,26808.164,0.1,260.942,16.74,1,42.4,,1.9,76.16,0.81,53682
53,MYS,Asia,Malaysia,23-May-21,512091,6976,5997.286,2248,49,49.429,15821.882,215.535,185.296,69.456,1.514,1.527,1.28,,,,,,,,,106208,11206334,346.238,3.281,100435,3.103,0.06,16.7,people tested,2535975,1593151,942824,45987,88593,7.84,4.92,2.91,2737,80.56,32365998,96.254,29.9,6.293,3.407,26808.164,0.1,260.942,16.74,1,42.4,,1.9,76.16,0.81,57022
54,MYS,Asia,Malaysia,24-May-21,518600,6509,6292,2309,61,51.714,16022.988,201.106,194.402,71.34,1.885,1.598,1.28,,,,,,,,,,,,,,,,,,2630984,1662273,968711,95009,93557,8.13,5.14,2.99,2891,80.56,32365998,96.254,29.9,6.293,3.407,26808.164,0.1,260.942,16.74,1,42.4,,1.9,76.16,0.81,60018
55,MYS,Asia,Malaysia,25-May-21,525889,7289,6638.286,2369,60,53.571,16248.194,225.205,205.101,73.194,1.854,1.655,,,,,,,,,,,,,,,,,,,2730536,1731231,999305,99552,96843,8.44,5.35,3.09,2992,,32365998,96.254,29.9,6.293,3.407,26808.164,0.1,260.942,16.74,1,42.4,,1.9,76.16,0.81,63458
56,MYS,Asia,Malaysia,26-May-21,533367,7478,6838.714,2432,63,56,16479.238,231.045,211.293,75.141,1.946,1.73,,,,,,,,,,,,,,,,,,,,,,,,,,,,,32365998,96.254,29.9,6.293,3.407,26808.164,0.1,260.942,16.74,1,42.4,,1.9,76.16,0.81,66208
57,MYS,Asia,Malaysia,27-May-21,541224,7857,6988.857,2491,59,56,16721.993,242.755,215.932,76.963,1.823,1.73,1.19,,,,,,,,,,11513351,355.724,,90910,2.809,0.077,13,people tested,2859864,1809412,1050452,,67954,8.84,5.59,3.25,2100,80.56,32365998,96.254,29.9,6.293,3.407,26808.164,0.1,260.942,16.74,1,42.4,,1.9,76.16,0.81,69408
58,MYS,Asia,Malaysia,28-May-21,549514,8290,7245.571,2552,61,57.571,16978.126,256.133,223.864,78.848,1.885,1.779,1.17,,,,,,,,,227504,11740855,362.753,7.029,107822,3.331,0.067,14.9,people tested,2933640,1855858,1077782,73776,69837,9.06,5.73,3.33,2158,80.56,32365998,96.254,29.9,6.293,3.407,26808.164,0.1,260.942,16.74,1,42.4,,1.9,76.16,0.81,72823
59,MYS,Asia,Malaysia,29-May-21,558534,9020,7631.286,2650,98,64.429,17256.814,278.688,235.781,81.876,3.028,1.991,1.16,,,,,,,,,126480,11867335,366.661,3.908,109601,3.386,0.07,14.4,people tested,2999036,1906388,1092648,65396,72721,9.27,5.89,3.38,2247,80.56,32365998,96.254,29.9,6.293,3.407,26808.164,0.1,260.942,16.74,1,42.4,,1.9,76.16,0.81,76218
60,MYS,Asia,Malaysia,30-May-21,565533,6999,7634.571,2729,79,68.714,17473.059,216.245,235.882,84.317,2.441,2.123,1.13,,,,,,,,,109562,11976897,370.046,3.385,110080,3.401,0.069,14.4,people tested,,,,,76192,,,,2354,80.56,32365998,96.254,29.9,6.293,3.407,26808.164,0.1,260.942,16.74,1,42.4,,1.9,76.16,0.81,78017
61,MYS,Asia,Malaysia,31-May-21,572357,6824,7679.571,2796,67,69.571,17683.898,210.839,237.273,86.387,2.07,2.15,1.11,,,,,,,,,89227,12066124,372.802,2.757,109191,3.374,0.07,14.2,people tested,,,,,72659,,,,2245,80.56,32365998,96.254,29.9,6.293,3.407,26808.164,0.1,260.942,16.74,1,42.4,,1.9,76.16,0.81,79523
62,MYS,Asia,Malaysia,01-Jun-21,579462,7105,7653.286,2867,71,71.143,17903.418,219.52,236.461,88.581,2.194,2.198,1.09,,,,,,,,,100885,12167009,375.919,3.117,109729,3.39,0.07,14.3,people tested,,,,,68477,,,,2116,80.56,32365998,96.254,29.9,6.293,3.407,26808.164,0.1,260.942,16.74,1,42.4,,1.9,76.16,0.81,80474
63,MYS,Asia,Malaysia,02-Jun-21,587165,7703,7685.429,2993,126,80.143,18141.415,237.997,237.454,92.474,3.893,2.476,1.07,,,,,,,,,100288,12267297,379.018,3.099,115881,3.58,0.066,15.1,people tested,,,,,69279,,,,2140,80.56,32365998,96.254,29.9,6.293,3.407,26808.164,0.1,260.942,16.74,1,42.4,,1.9,76.16,0.81,82274
64,MYS,Asia,Malaysia,03-Jun-21,595374,8209,7735.714,3096,103,86.429,18395.045,253.63,239.007,95.656,3.182,2.67,1.05,,,,,,,,,104109,12371406,382.235,3.217,122579,3.787,0.063,15.8,people tested,,,,,70081,,,,2165,80.56,32365998,96.254,29.9,6.293,3.407,26808.164,0.1,260.942,16.74,1,42.4,,1.9,76.16,0.81,83331
65,MYS,Asia,Malaysia,04-Jun-21,603122,7748,7658.286,3182,86,90,18634.432,239.387,236.615,98.313,2.657,2.781,1.03,,,,,,,,,105293,12476699,385.488,3.253,105121,3.248,0.073,13.7,people tested,3420713,2293377,1127336,,69582,10.57,7.09,3.48,2150,80.56,32365998,96.254,29.9,6.293,3.407,26808.164,0.1,260.942,16.74,1,42.4,,1.9,76.16,0.81,84369
66,MYS,Asia,Malaysia,05-Jun-21,610574,7452,7434.286,3291,109,91.571,18864.674,230.242,229.694,101.681,3.368,2.829,1.01,,,,,,,,,103862,12580561,388.697,3.209,101889,3.148,0.073,13.7,people tested,3493193,2364455,1128738,72480,70594,10.79,7.31,3.49,2181,80.56,32365998,96.254,29.9,6.293,3.407,26808.164,0.1,260.942,16.74,1,42.4,,1.9,76.16,0.81,85607
67,MYS,Asia,Malaysia,06-Jun-21,616815,6241,7326,3378,87,92.714,19057.5,192.826,226.349,104.369,2.688,2.865,0.99,,,,,,,,,89998,12670559,391.477,2.781,99095,3.062,0.074,13.5,people tested,3574376,2444075,1130301,81183,72152,11.04,7.55,3.49,2229,80.56,32365998,96.254,29.9,6.293,3.407,26808.164,0.1,260.942,16.74,1,42.4,,1.9,76.16,0.81,86628
68,MYS,Asia,Malaysia,07-Jun-21,622086,5271,7104.143,3460,82,94.857,19220.356,162.856,219.494,106.902,2.534,2.931,0.97,,,,,,,,,81708,12752267,394.002,2.525,98020,3.028,0.072,13.8,people tested,3638812,2503655,1135157,64436,71317,11.24,7.74,3.51,2203,80.56,32365998,96.254,29.9,6.293,3.407,26808.164,0.1,260.942,16.74,1,42.4,,1.9,76.16,0.81,84269
69,MYS,Asia,Malaysia,08-Jun-21,627652,5566,6884.286,3536,76,95.571,19392.326,171.971,212.701,109.25,2.348,2.953,0.96,,,,,,,,,77030,12829297,396.382,2.38,94613,2.923,0.073,13.7,people tested,3790121,2609377,1180744,151309,82892,11.71,8.06,3.65,2561,64.81,32365998,96.254,29.9,6.293,3.407,26808.164,0.1,260.942,16.74,1,42.4,,1.9,76.16,0.81,82797
70,MYS,Asia,Malaysia,09-Jun-21,633891,6239,6675.143,3611,75,88.286,19585.091,192.764,206.239,111.568,2.317,2.728,0.95,,,,,,,,,90887,12920184,399.19,2.808,93270,2.882,0.072,14,people tested,3944987,2724048,1220939,154866,94976,12.19,8.42,3.77,2934,64.81,32365998,96.254,29.9,6.293,3.407,26808.164,0.1,260.942,16.74,1,42.4,,1.9,76.16,0.81,81575
71,MYS,Asia,Malaysia,10-Jun-21,639562,5671,6312.571,3684,73,84,19760.305,175.215,195.037,113.823,2.255,2.595,0.94,,,,,,,,,100059,13020243,402.282,3.091,92691,2.864,0.068,14.7,people tested,4102936,2835178,1267758,157949,107500,12.68,8.76,3.92,3321,64.81,32365998,96.254,29.9,6.293,3.407,26808.164,0.1,260.942,16.74,1,42.4,,1.9,76.16,0.81,79848
72,MYS,Asia,Malaysia,11-Jun-21,646411,6849,6184.143,3768,84,83.714,19971.916,211.611,191.069,116.418,2.595,2.586,0.93,,,,,,,,,99974,13120217,405.37,3.089,91931,2.84,0.067,14.9,people tested,4227554,2929736,1297818,124618,115263,13.06,9.05,4.01,3561,64.81,32365998,96.254,29.9,6.293,3.407,26808.164,0.1,260.942,16.74,1,42.4,,1.9,76.16,0.81,78864
73,MYS,Asia,Malaysia,12-Jun-21,652204,5793,5947.143,3844,76,79,20150.9,178.984,183.747,118.767,2.348,2.441,0.93,,,,,,,,,90238,13210455,408.158,2.788,89985,2.78,0.066,15.1,people tested,,,,,123674,,,,3821,64.81,32365998,96.254,29.9,6.293,3.407,26808.164,0.1,260.942,16.74,1,42.4,,1.9,76.16,0.81,76247
74,MYS,Asia,Malaysia,13-Jun-21,657508,5304,5813.286,3908,64,75.714,20314.776,163.876,179.611,120.744,1.977,2.339,0.93,,,,,,,,,80130,13290585,410.634,2.476,88575,2.737,0.066,15.2,people tested,4490270,3132304,1357966,,130842,13.87,9.68,4.2,4043,64.81,32365998,96.254,29.9,6.293,3.407,26808.164,0.1,260.942,16.74,1,42.4,,1.9,76.16,0.81,73324
75,MYS,Asia,Malaysia,14-Jun-21,662457,4949,5767.286,3968,60,72.571,20467.683,152.907,178.19,122.598,1.854,2.242,0.93,,,,,,,,,70044,13360629,412.798,2.164,86909,2.685,0.066,15.1,people tested,4688233,3275194,1413039,197963,149917,14.49,10.12,4.37,4632,64.81,32365998,96.254,29.9,6.293,3.407,26808.164,0.1,260.942,16.74,1,42.4,,1.9,76.16,0.81,71625
76,MYS,Asia,Malaysia,15-Jun-21,667876,5419,5746.286,4069,101,76.143,20635.112,167.429,177.541,125.718,3.121,2.353,0.93,,,,,,,,,,,,,87471,2.703,0.066,15.2,people tested,4904109,3435420,1468689,215876,159141,15.15,10.61,4.54,4917,,32365998,96.254,29.9,6.293,3.407,26808.164,0.1,260.942,16.74,1,42.4,,1.9,76.16,0.81,70112
77,MYS,Asia,Malaysia,16-Jun-21,673026,5150,5590.714,4142,73,75.857,20794.23,159.118,172.734,127.974,2.255,2.344,0.93,,,,,,,,,,13522560,417.801,,86054,2.659,0.065,15.4,people tested,5108948,3632195,1476753,204839,166280,15.78,11.22,4.56,5137,,32365998,96.254,29.9,6.293,3.407,26808.164,0.1,260.942,16.74,1,42.4,,1.9,76.16,0.81,67949
78,MYS,Asia,Malaysia,17-Jun-21,678764,5738,5600.286,4202,60,74,20971.515,177.285,173.03,129.828,1.854,2.286,0.93,,,,,,,,,82369,13604929,420.346,2.545,83527,2.581,0.067,14.9,people tested,5330654,3810071,1520583,221706,175388,16.47,11.77,4.7,5419,,32365998,96.254,29.9,6.293,3.407,26808.164,0.1,260.942,16.74,1,42.4,,1.9,76.16,0.81,66097
79,MYS,Asia,Malaysia,18-Jun-21,685204,6440,5541.857,4276,74,72.571,21170.489,198.974,171.225,132.114,2.286,2.242,0.93,,,,,,,,,,,,,,,,,,5510720,3957687,1553033,180066,183309,17.03,12.23,4.8,5664,,32365998,96.254,29.9,6.293,3.407,26808.164,0.1,260.942,16.74,1,42.4,,1.9,76.16,0.81,65602
80,MYS,Asia,Malaysia,19-Jun-21,691115,5911,5558.714,4348,72,72,21353.119,182.63,171.745,134.339,2.225,2.225,0.94,,,,,,,,,,,,,,,,,,,,,,186319,,,,5757,,32365998,96.254,29.9,6.293,3.407,26808.164,0.1,260.942,16.74,1,42.4,,1.9,76.16,0.81,64523
81,MYS,Asia,Malaysia,20-Jun-21,696408,5293,5557.143,4408,60,71.429,21516.655,163.536,171.697,136.192,1.854,2.207,0.94,,,,,,,,,,,,,,,,,,5815575,4202601,1612974,,189329,17.97,12.98,4.98,5850,,32365998,96.254,29.9,6.293,3.407,26808.164,0.1,260.942,16.74,1,42.4,,1.9,76.16,0.81,63815
82,MYS,Asia,Malaysia,21-Jun-21,701019,4611,5508.857,4477,69,72.714,21659.119,142.464,170.205,138.324,2.132,2.247,,,,,,,,,,,,,,,,,,,6051198,4384441,1666757,235623,194709,18.7,13.55,5.15,6016,,32365998,96.254,29.9,6.293,3.407,26808.164,0.1,260.942,16.74,1,42.4,,1.9,76.16,0.81,62918
83,MYS,Asia,Malaysia,22-Jun-21,705762,4743,5412.286,4554,77,69.286,21805.662,146.543,167.221,140.703,2.379,2.141,,,,,,,,,,,,,,,,,,,,,,,,,,,,,32365998,96.254,29.9,6.293,3.407,26808.164,0.1,260.942,16.74,1,42.4,,1.9,76.16,0.81,62027
84,MYS,Asia,Malaysia,23-Jun-21,711006.0,5244.0,5425.714,4637.0,83.0,70.714,21967.683,162.022,167.636,143.268,2.564,2.185,,,,,,,,,,76636.0,14053346.0,434.201,2.368,75827.0,2.343,0.072,14.0,people tested,6554500.0,4749133.0,1805367.0,252773.0,206507.0,20.25,14.67,5.58,6380.0,78.7,32365998.0,96.254,29.9,6.293,3.407,26808.164,0.1,260.942,16.74,1.0,42.4,,1.9,76.16,0.81,60816
85,MYS,Asia,Malaysia,24-Jun-21,716847.0,5841.0,5440.429,4721.0,84.0,74.143,22148.151,180.467,168.091,145.863,2.595,2.291,,,,,,,,,,74542.0,14127888.0,436.504,2.303,74708.0,2.308,0.073,13.7,people tested,,,,,209447.0,,,,6471.0,78.7,32365998.0,96.254,29.9,6.293,3.407,26808.164,0.1,260.942,16.74,1.0,42.4,,1.9,76.16,0.81,61162
86,MYS,Asia,Malaysia,25-Jun-21,722659.0,5812.0,5350.714,4803.0,82.0,75.286,22327.722,179.571,165.319,148.396,2.534,2.326,,,,,,,,,,,,,,,,,,,7039072.0,5072714.0,1966358.0,,218336.0,21.75,15.67,6.08,6746.0,78.7,32365998.0,96.254,29.9,6.293,3.407,26808.164,0.1,260.942,16.74,1.0,42.4,,1.9,76.16,0.81,60117
87,MYS,Asia,Malaysia,26-Jun-21,728462.0,5803.0,5335.286,4884.0,81.0,76.571,22507.015,179.293,164.842,150.899,2.503,2.366,,,,,,,,,,,,,,,,,,,7226949.0,5204993.0,2021956.0,187877.0,223400.0,22.33,16.08,6.25,6902.0,78.7,32365998.0,96.254,29.9,6.293,3.407,26808.164,0.1,260.942,16.74,1.0,42.4,,1.9,76.16,0.81,60646
88,MYS,Asia,Malaysia,27-Jun-21,734048.0,5586.0,5377.143,4944.0,60.0,76.571,22679.603,172.589,166.136,152.753,1.854,2.366,,,,,,,,,,,,,,,,,,,,,,,227784.0,,,,7038.0,78.7,32365998.0,96.254,29.9,6.293,3.407,26808.164,0.1,260.942,16.74,1.0,42.4,,1.9,76.16,0.81,61395
89,MYS,Asia,Malaysia,28-Jun-21,739266.0,5218.0,5463.857,5001.0,57.0,74.857,22840.822,161.219,168.815,154.514,1.761,2.313,,,,,,,,,,,,,,,,,,,7593179.0,5463128.0,2130051.0,,220283.0,23.46,16.88,6.58,6806.0,78.7,32365998.0,96.254,29.9,6.293,3.407,26808.164,0.1,260.942,16.74,1.0,42.4,,1.9,76.16,0.81,61812
90,MYS,Asia,Malaysia,29-Jun-21,745703.0,6437.0,5705.857,5108.0,107.0,79.143,23039.704,198.882,176.292,157.82,3.306,2.445,,,,,,,,,,,,,,,,,,,7824912.0,5610911.0,2214001.0,231733.0,217598.0,24.18,17.34,6.84,6723.0,,32365998.0,96.254,29.9,6.293,3.407,26808.164,0.1,260.942,16.74,1.0,42.4,,1.9,76.16,0.81,62844
91,MYS,Asia,Malaysia,30-Jun-21,751979.0,6276.0,5853.286,5170.0,62.0,76.143,23233.611,193.907,180.847,159.736,1.916,2.353,,,,,,,,,,,,,,,,,,,,,,,,,,,,,32365998.0,96.254,29.9,6.293,3.407,26808.164,0.1,260.942,16.74,1.0,42.4,,1.9,76.16,0.81,64219
